name,number
Sam Hammond,7236336580
Tanisha Burdick,9018058872
Kenzie Hackett,9087807929
Rolando Bowden,7694043173
Dulce Blake,9559898421
Casey Stuckey,9569752762
Xzavier Guy,7919294935
Ben Grantham,7204845674
Dalton Oswald,7407044811
Annie Burney,9711271914
Tyree Jolley,9340918321
Talon Guinn,8230229664
Mckinley Lehman,9496270151
Laisha Cheung,7103230770
Margarita Reinhart,7728146086
Cortez Chang,9721067476
Imani Bobo,7589734667
Kristopher Cable,7745037500
Francesca Wiley,9483192007
Ainsley Quinn,9943646240
Trae Hancock,9339220747
Ayanna Weis,7382678571
Cassidy Carvalho,8981924044
Gwyneth Goss,7167358458
Athena Metcalf,8371175233
Rayna Nichols,9728485175
Ezra Matlock,8330286242
Draven Goodrich,7638224613
Charisma Washburn,9605531922
Louise Faust,7561065491
Carter Garland,9432816435
Brianna Ratcliff,9330729712
Justina Walls,8527816851
Justina Goodwin,7577570847
Leighton Soriano,8624064299
Lorena Little,9444460015
Dashawn Hooper,8092387705
Isabella Madison,7739698387
Jairo Long,7790956763
Jalin Staley,7906638810
Shea Han,8624833187
Johan Milligan,7402665323
Rodrigo Freedman,7192037249
Alonso Butcher,8618343572
Davin Silva,9806667589
Daquan Engel,7293682381
Stacey Meza,9347236005
Natalee Saavedra,9316705051
Blake Norton,8839737599
Shaelyn Contreras,7060611193
Tobias David,8975302766
Briar Hills,7920881513
Alicia Heinrich,7176947408
Hope Arsenault,7191605923
Devin Wenzel,7376486715
Jermaine Paulson,8636126698
Maranda Estrada,8791455516
Hugh Rhoades,8618334870
Sincere Mcnutt,9714065159
Jerry Truong,9431892718
Brenda Gomez,8163841489
Margo Ramirez,9442752621
Anais Millard,7476757147
Kyndall Zink,8898858668
Kayli Rich,9374873218
Milton Cooney,7960278413
Zakary Yoo,7422139005
Lea Dent,9414359150
Clifton Morton,8352762053
Cedrick Poindexter,9938826046
Kalli Leary,9965502925
Demarcus Mathias,9396264164
Thaddeus Stahl,7567973771
Maeve Rush,9900586932
Rhonda Bradshaw,7932820492
Liberty Schrader,9444145831
Waylon Cobb,8311608787
Chris Crowe,7572473027
Danna Power,8142115453
Ashanti Fenton,8599875866
Armand Glass,7138952357
Kinsey Ornelas,7647037623
Jaquelyn Chamberlin,9233423066
Keona Bishop,8179954802
Jalen Booth,9894045853
Milena Covarrubias,7417400111
Isaiah Myrick,8693555859
Kaden Paine,9244952397
Fidel Cartwright,7694190251
Adeline Lassiter,9989537284
Austen Fiore,9148454651
Aja Beers,8287482180
Caelan Newsom,9857638131
Shaina Kennedy,9903192167
Jensen Lanham,8578262523
Cara Briggs,8096846498
Myles Cutler,9616185027
Alton Montez,8554212606
Brynn Crosby,9562097428
Demarcus Glenn,9869135564
Hassan Bollinger,8701767662
Chasity Angulo,8412128973
Ricky Hostetler,9337988334
Misty Gatlin,7921241225
Dayne Longoria,8294463468
Ashely Flowers,7253160142
Gaven Oh,9283816240
Maximiliano Eubanks,9104672450
Marques Bartlett,9389076150
Martin King,8090305812
Analise McClintock,8965400657
Breann Saenz,8934333811
Brent Gann,7761377562
Lukas Findley,8839581537
Ambria Westbrook,7882220466
Victor Holcomb,7651294972
Scott Canales,8252084005
Jaeden Pritchard,9891392698
Gage Samples,7077051497
Kassidy Bronson,7917656782
Johnpaul Warden,9644201990
Kenya Mattson,7036282323
Dashaun Mancuso,7131266084
Jerome McGinnis,7844909065
Tabatha Lea,7969892555
Ignacio Meeker,8538719943
Cali Karr,9967130850
Martin Betts,9074361768
Leanna Terrell,8057574658
Cecilia Upchurch,8075820617
Juan Moeller,7907492827
Johnpaul Dozier,7875631597
Arthur Benton,9064151641
Nicolas Culbertson,9092652587
Blaze Seals,8372027140
Mark Clemons,9991111440
Yaritza Collazo,9908963960
Sheldon McDermott,9314467478
Lily Knowles,8799966516
Kamren Ragan,9223204383
Dymond Dobbins,9645063828
Lamont Rowe,9901137529
Donald Burley,9503354437
Davonte Barfield,7672646044
Harry Nagel,8914290091
Kasey Hartman,7430631651
Jorden Bishop,8378388872
Theresa Ruffin,9555051397
Madison Honeycutt,7144071706
Carla Mims,8667433601
Monique Weber,9921294338
Tevin Corley,7943007687
Ibrahim Ferrell,9926663645
Ashlin Costa,7363037456
Nicklaus Hogue,9755982355
Ryley Nevarez,7725548482
Marc Hanlon,7068948329
Yesica Geiger,8280760707
Reese Flaherty,7634602501
Amiya Madison,9691826419
Dakota Heinrich,8049672051
Lincoln Barksdale,8491013790
Yazmin Correia,9208922688
Adriel Shelby,9210632906
Bruno Addison,8697972253
Dean Devine,8636581178
Jayson Kish,7991947055
Kiarra Nagy,7634591749
Stuart Hsu,7264512292
Kentrell Halstead,8178184252
Louise Dickey,8036398579
Brayden Coon,7577975537
Rex Tom,9661382361
Raymond Metz,9267664766
Nathen Fernandes,8995641113
Audrey Pederson,8469791670
Kailey Timm,8102306510
Ivory Low,7290262197
Kendall Metz,8932189403
Wyatt Pantoja,7424751863
Paige Moore,8104894496
Tasha Connell,8081096221
Peter Norris,8305265141
Emiliano Moriarty,7214352743
Quinn Hein,9217377087
Anai Steinberg,8709694696
Kearra Kim,9149124837
Brannon Coon,9501950539
Kalob Fagan,8929751796
Zechariah Laster,8842260242
Gaige Hull,8801400555
Randall Grier,9773193266
Beau Cline,8951806406
Pedro Newcomb,8799076765
Jim Wellman,9658512893
Garett Cabral,8972129151
Karah Blanton,9426938880
Ayana Trammell,8828135444
Yasmin Dawkins,9900586299
Drake Blankenship,8016976438
Aliza Luna,9082078920
Rubi Willett,8151899765
Harry Pittman,8720085183
Kathy Strain,9471241602
Addison Ivey,8054072533
Aidan Bolden,9706245526
Kai Edgar,7369345523
Simone Farley,9554871546
Tanner Pringle,8619489725
Sophia Kline,7939503094
Amira Darden,8833275207
Johan Hyatt,8277342659
Roxana Putnam,9838188527
Maren Somers,8368229801
Raymond Ashworth,7882693399
Jalen Lightfoot,9677374004
Jayson Blanchard,8894707075
Jaylan Holmes,9314610219
Teagan Speer,8586814073
Darius Pollack,7306232499
Natali Chamberlin,9410924803
Caden Gantt,7328615706
Karah Sumner,9622932082
Serenity Compton,8499780279
Damaris Rincon,9893205377
Christiana Foote,9213616273
Miguel Demarco,8705817455
Kennedi Kolb,8935380909
Madelin Lilly,9401698268
Jamia Dobbs,7131538572
Yaritza Lomax,7384098360
Gabriel Gresham,7392738604
Bethany Branham,9791088935
Britany Giron,9676320180
Kristi Washington,7012385073
Tevin McClain,7197921776
Octavia Hsu,7321285174
Mark Creech,8708671340
George Bennett,8280070890
Alessandra Benoit,7181753604
Aleena Woodall,7952830096
Luc Peebles,8330660205
Nyah Spain,9915158468
Aleigha Keyes,7716382880
Zahra Houston,8447819376
Bernard Brinkley,8920705790
Meg Gill,9020022780
Tyson Dennis,9905345136
Demi Cota,7363680657
Christopher Norton,9283458480
Sonya Godinez,9397830801
Keven Stratton,8654866907
Madalynn Keith,8789656010
Reese Cross,7156020919
Madysen Bonner,9062239402
Ramon Schwarz,8744617554
Sean Xiong,8130338296
Natalee Menard,9515130067
Liam Sears,8147498072
Samira Wilhelm,8060326080
Demarco Chaney,8804903548
Martina Spear,7515373677
Jericho Gilchrist,7482375228
Lesley Pollock,9508525737
Jair Chew,7433828555
Terrence Langley,7470511368
Kalob McCall,9223006608
Kavon Crowell,7186951100
Rochelle Patterson,7444373482
Kayla Keenan,9462604266
Viviana Hale,8082872036
Erin Dotson,9432045487
Macey Artis,7398232291
Octavio Moser,8724800337
Tabitha Lantz,9000342814
Ethen Stone,9962908264
Danielle Washington,7285134565
Cedrick Woodruff,9057887710
Gustavo Linn,7088438846
Juwan Keck,9638663637
Leif Bravo,8200526114
Mykala Marquardt,9994650135
Darryl Farnsworth,8088801020
Sonya Willett,8957711352
Maxim Moreno,9883036537
Alexander Shipp,9360277664
Kadin New,8662788319
Kory Giles,8453762861
Tyriq Soria,9038701760
Ashlee Truong,7703940391
Asa Patrick,7576139551
Shayla Brinkley,8359974287
Judah McIntosh,7108598710
Markel Skelton,9749386834
Elian Gibbons,7277226920
Aja Dennison,7374797990
Kimberly Crump,8305917965
Ken McClintock,7276993906
Tyana Ashcraft,7186402057
Gaige Linares,7573662437
Juwan Streeter,9421158098
Ernesto Epps,8806875010
Gilberto Lomeli,8541458955
Jaycob Escobedo,8178434266
Aimee Woods,7344651609
Orlando Hawthorne,9262926719
Paxton Beatty,9845841984
Emerson Limon,8292793707
Hayli Breaux,9751412110
Annie Buford,9510965663
Dominique Mundy,9171377775
Brady Grove,9756146575
Gretchen Christopher,7394864239
Nyla Ramsey,9121922462
Lela Whitehead,7045892927
Sheldon Jean,8357463630
Libby Latham,8352805545
Danna Ferrara,9465310204
Terrence Shanahan,8913195991
Laura Sweet,9805726321
Allysa Rollins,9260106398
Johnpaul Bowden,7979282847
Katlyn Burney,7015571324
Zachary Shull,7916643056
Geoffrey Pond,7890417025
Omari Duckworth,8149668784
Yoselin Fonseca,9648771668
Alexandro Etheridge,8562393134
Roman Pickard,9970420346
Reid Willingham,7313960705
Tyasia Waterman,7398131082
Adrianna Beck,9446504087
Reece Samuels,8877625655
Raekwon Jack,8340942785
Carolina Sylvester,8895689665
Connie Rosado,8604208793
Lucia McClelland,8818204270
Connor McCabe,8781466966
Xander Shah,7277602859
Raul Stephen,7443693889
Campbell Winters,9415472768
Alexandre Stoner,8870261869
Ezra Gil,8062698279
Adolfo Smalley,8662098787
Eddie Park,8595361024
Halley Steiner,9640416637
Shea John,8531714247
Bonnie Sample,7600298084
April Hanes,9935611748
Hazel Lambert,8730996707
Nick Wertz,9872645364
Yasmeen Chan,9195331372
Darrell Hickman,7810152502
Omar Chavarria,7943158906
Aron Stearns,8327763694
Paxton Lam,9531854604
Alfredo Soria,9872261628
Francisca Wynne,7535250019
Cailyn Stewart,7249811357
Ingrid Ragsdale,8255166502
Sherman Flanagan,8115908725
Margaret Olivarez,8973862234
Corey Payne,9925898819
Phillip Piazza,8180835639
Bo Carvalho,8929312702
Ronnie Hollins,8076395917
Astrid Adler,8334223338
Alora Bruns,9588148854
Amalia Fleck,7362079752
Joan Will,9272082699
Yulissa Corbin,9251877790
Elisha Blankenship,9479685875
Gloria Regalado,7406956989
Deborah Goode,8927311529
Laken Stump,7413531613
Nevin Reaves,8664754924
Valentin Cantrell,9249888863
Britney Gamboa,9231313944
Kristen Padron,9979863489
Alia Doran,9996022173
Rafael Ibrahim,8162512331
Josue Kaye,7922987648
Valerie Villalobos,8825961229
Ivory Heinz,9658731715
Parker Barnhill,9175865661
Keanu McClanahan,8259352514
Makiya Magana,9004984860
Joaquin Gooden,8299644547
Keara Chance,7497059032
Amiah Villasenor,7888856146
Luisa Fagan,7159626505
Tyreke Ridley,8472601596
Messiah Pedraza,8143272383
Nyasia Lacy,9381006091
Santana Dunham,8553977625
Natalya Smallwood,9123037829
Anais Peebles,9875942352
Kira Dowdy,9207191335
Alessandro Bauer,8060329874
Jerimiah Fontenot,9965653078
Darrian Behrens,8938492030
Emani Kearns,7827715349
Joshua Satterfield,8696921388
Craig Meador,7067946863
Drew Taylor,7677913427
Lazaro Gatlin,8879957579
Katelin Tuttle,9337599248
Tevin Canales,9457268657
Santino Julian,9162392194
Samir Hawkins,8532846595
Juliann Register,9034628400
Tyriq Gunter,7185379710
Bridger Sweeney,9003258173
June Hagan,8267950360
Nickolas Mattson,8556182189
Jajuan Pagano,7938306627
Karsyn Dunning,9843431431
Jarett Lawton,7595540490
Renee Gaskins,7033199590
Sahil Shin,9545579761
Monserrat Hussey,7682113093
Jodi Bass,8415405274
Aleena Oshea,7108784935
Courtney Lyle,7903385088
Destiney Bedford,9211072245
Greyson Grantham,8305445223
Ezekiel Curley,8098638603
Efren Robinette,9524954664
Mekhi Adcock,9885511567
Seth Salisbury,9861415260
Caden Chance,7315001821
Halle Krebs,8945782063
Allissa Cisneros,8358192986
Colin McGovern,8028060605
Edwin Noriega,7414967418
Ervin Crisp,7676746216
Herman Beers,7666219424
Kimberly Tilley,8033807459
Liam Vogt,8116480718
Shaina Keefe,8901400504
Yajaira Nobles,7014812752
Jarred Hair,9857606273
Arielle Wicker,9739245728
Fred Hopper,8608237867
Vanesa Baughman,7706466607
Raquel Younger,7989329116
Raina Wenger,8507182708
Leandra Goebel,8491424125
Kolby Leavitt,8163728376
Damian Swartz,7754657725
Cameron Durant,9341510673
Izaiah Whitley,8085740449
Dillon Neil,9465735771
Madalyn Rojas,7341811174
Katlyn Bowie,7686227011
Trystan Chavis,8837320147
Mercy Hardin,7405255033
Taj Clifton,7725461605
Alexis Swain,9423148159
Fletcher Davila,8761695844
Kirsten Piazza,9996107033
Isha Reichert,7716118677
Bianca Yee,9697615114
Kai Hawes,9664641476
Madysen Tyree,9297823973
Autumn Lindley,7546518656
Rhonda Hamblin,8426237924
Delaney Moseley,7275411830
Easton Haag,7175819440
Aleigha Albers,7549443592
Thaddeus Matson,9444316157
Bailee Frantz,9789064873
Peter Kuykendall,8970569295
Mykala Danner,7015758182
Jennifer Barnette,8344028108
Mckayla Ernst,7339979048
Waylon Solorio,9119207449
Zaria Vasquez,9748553142
Blaze Eaton,8359077721
Marcel Albert,8971451916
Vincent Harley,9592610660
Cameron Bachman,7923330154
Aiden Jimenez,7301765242
Anisha Schoen,9515804050
Makiya Conti,7273094130
Keana Hopkins,9101899385
Charles Snodgrass,9460693437
Bradly Moffett,7201167552
Reanna Yu,7920462704
Brooks Kinsey,9459222424
Mauricio Ogden,8934385677
Leroy Palma,7724143943
Liberty Barrera,7301929529
Konner Flannery,7014711445
Lloyd Yazzie,7026325215
Orion Mark,9862366505
Rochelle Duckworth,9648735315
Alanna Bishop,8648131389
Sydney Mcnutt,8424901978
Elisabeth Cowan,7797764499
